Dimension,Time
600,0.233492917
1000,2.142265963
1400,4.306670324
1800,26.495668742
