Try,Dimension,Time
0,600,0.2722251
0,1000,1.3591047
0,1400,5.491912546
0,1800,10.162405098
0,2200,18.024170571
0,2600,34.093777735
0,3000,54.682513366
1,600,0.257286527
1,1000,1.204018569
1,1400,4.188980113
1,1800,9.47044705
1,2200,19.008058819
1,2600,34.167238366
1,3000,54.110092391
